timestamp, clocks.current.sm [MHz], power.draw [W], utilization.gpu [%], temperature.gpu, clocks_event_reasons.active
2026/09/12 04:19:41.971, 2177 MHz, 9.86 W, 2 %, 47, 0x0000000000000000
2026/09/12 04:19:42.178, 2177 MHz, 9.86 W, 2 %, 47, 0x0000000000000000
2026/09/12 04:19:42.378, 2177 MHz, 9.88 W, 2 %, 47, 0x0000000000000000
2026/09/12 04:19:42.579, 2177 MHz, 9.88 W, 2 %, 47, 0x0000000000000000
2026/09/12 04:19:42.779, 2177 MHz, 9.88 W, 2 %, 47, 0x0000000000000000
2026/09/12 04:19:42.979, 2177 MHz, 9.90 W, 2 %, 47, 0x0000000000000000
2026/09/12 04:19:43.179, 2177 MHz, 9.90 W, 2 %, 47, 0x0000000000000000
2026/09/12 04:19:43.379, 2177 MHz, 9.91 W, 2 %, 47, 0x0000000000000000
2026/09/12 04:19:43.580, 2177 MHz, 9.91 W, 2 %, 47, 0x0000000000000000
2026/09/12 04:19:43.780, 2177 MHz, 9.91 W, 2 %, 47, 0x0000000000000000
2026/09/12 04:19:43.980, 2177 MHz, 9.90 W, 2 %, 47, 0x0000000000000000
2026/09/12 04:19:44.180, 2177 MHz, 9.90 W, 2 %, 47, 0x0000000000000000
2026/09/12 04:19:44.380, 2177 MHz, 9.89 W, 2 %, 47, 0x0000000000000000
2026/09/12 04:19:44.580, 2177 MHz, 9.89 W, 2 %, 47, 0x0000000000000000
2026/09/12 04:19:44.781, 2177 MHz, 9.89 W, 2 %, 47, 0x0000000000000000
2026/09/12 04:19:44.981, 2177 MHz, 9.85 W, 2 %, 47, 0x0000000000000000
2026/09/12 04:19:45.181, 2177 MHz, 9.85 W, 2 %, 47, 0x0000000000000000
2026/09/12 04:19:45.381, 2177 MHz, 9.85 W, 2 %, 47, 0x0000000000000000
2026/09/12 04:19:45.582, 2177 MHz, 9.85 W, 2 %, 47, 0x0000000000000000
2026/09/12 04:19:45.782, 2177 MHz, 9.85 W, 2 %, 47, 0x0000000000000000
2026/09/12 04:19:45.982, 2177 MHz, 9.86 W, 2 %, 47, 0x0000000000000000
2026/09/12 04:19:46.182, 2177 MHz, 9.86 W, 2 %, 47, 0x0000000000000000
2026/09/12 04:19:46.383, 2177 MHz, 9.82 W, 1 %, 47, 0x0000000000000000
2026/09/12 04:19:46.583, 2177 MHz, 9.82 W, 1 %, 47, 0x0000000000000000
2026/09/12 04:19:46.784, 2177 MHz, 9.82 W, 1 %, 47, 0x0000000000000000
2026/09/12 04:19:46.984, 2177 MHz, 10.43 W, 1 %, 48, 0x0000000000000000
2026/09/12 04:19:47.184, 2177 MHz, 10.43 W, 1 %, 48, 0x0000000000000000
2026/09/12 04:19:47.384, 2177 MHz, 10.52 W, 1 %, 47, 0x0000000000000000
2026/09/12 04:19:47.585, 2177 MHz, 10.52 W, 1 %, 47, 0x0000000000000000
2026/09/12 04:19:47.785, 2177 MHz, 10.52 W, 1 %, 47, 0x0000000000000000
2026/09/12 04:19:47.985, 2177 MHz, 9.91 W, 1 %, 47, 0x0000000000000000
2026/09/12 04:19:48.185, 2177 MHz, 9.91 W, 1 %, 47, 0x0000000000000000
2026/09/12 04:19:48.386, 2177 MHz, 9.88 W, 2 %, 47, 0x0000000000000000
2026/09/12 04:19:48.586, 2177 MHz, 9.88 W, 2 %, 47, 0x0000000000000000
2026/09/12 04:19:48.786, 2177 MHz, 9.88 W, 2 %, 47, 0x0000000000000000
2026/09/12 04:19:48.986, 2177 MHz, 9.89 W, 2 %, 47, 0x0000000000000000
2026/09/12 04:19:49.187, 2177 MHz, 9.89 W, 2 %, 47, 0x0000000000000000
2026/09/12 04:19:49.387, 2177 MHz, 9.91 W, 2 %, 48, 0x0000000000000000
2026/09/12 04:19:49.587, 2177 MHz, 9.91 W, 2 %, 48, 0x0000000000000000
2026/09/12 04:19:49.787, 2177 MHz, 9.91 W, 2 %, 48, 0x0000000000000000
2026/09/12 04:19:49.988, 2177 MHz, 9.93 W, 2 %, 48, 0x0000000000000000
2026/09/12 04:19:50.188, 2177 MHz, 9.93 W, 2 %, 48, 0x0000000000000000
2026/09/12 04:19:50.388, 2177 MHz, 9.85 W, 0 %, 48, 0x0000000000000000
2026/09/12 04:19:50.588, 2177 MHz, 9.85 W, 0 %, 48, 0x0000000000000000
2026/09/12 04:19:50.789, 2177 MHz, 9.85 W, 0 %, 48, 0x0000000000000000
2026/09/12 04:19:50.989, 2177 MHz, 9.79 W, 0 %, 48, 0x0000000000000000
2026/09/12 04:19:51.189, 2177 MHz, 9.79 W, 0 %, 48, 0x0000000000000000
2026/09/12 04:19:51.389, 2177 MHz, 9.81 W, 0 %, 48, 0x0000000000000000
2026/09/12 04:19:51.590, 2177 MHz, 9.81 W, 0 %, 48, 0x0000000000000000
2026/09/12 04:19:51.790, 2177 MHz, 9.81 W, 0 %, 48, 0x0000000000000000
2026/09/12 04:19:51.990, 2177 MHz, 9.75 W, 0 %, 48, 0x0000000000000000
2026/09/12 04:19:52.191, 2177 MHz, 9.75 W, 0 %, 48, 0x0000000000000000
2026/09/12 04:19:52.391, 2177 MHz, 9.78 W, 0 %, 48, 0x0000000000000000
2026/09/12 04:19:52.591, 2177 MHz, 9.78 W, 0 %, 48, 0x0000000000000000
2026/09/12 04:19:52.792, 2177 MHz, 9.78 W, 0 %, 48, 0x0000000000000000
2026/09/12 04:19:52.992, 2177 MHz, 9.90 W, 0 %, 48, 0x0000000000000000
2026/09/12 04:19:53.192, 2177 MHz, 9.90 W, 0 %, 48, 0x0000000000000000
2026/09/12 04:19:53.393, 2177 MHz, 9.88 W, 0 %, 48, 0x0000000000000000
2026/09/12 04:19:53.593, 2177 MHz, 9.88 W, 0 %, 48, 0x0000000000000000
2026/09/12 04:19:53.793, 2177 MHz, 9.87 W, 0 %, 48, 0x0000000000000000
2026/09/12 04:19:53.994, 2177 MHz, 9.87 W, 0 %, 48, 0x0000000000000000
2026/09/12 04:19:54.194, 2177 MHz, 9.87 W, 0 %, 48, 0x0000000000000000
2026/09/12 04:19:54.394, 2177 MHz, 10.13 W, 19 %, 48, 0x0000000000000000
2026/09/12 04:19:54.595, 2177 MHz, 10.13 W, 19 %, 48, 0x0000000000000000
2026/09/12 04:19:54.795, 2177 MHz, 11.72 W, 19 %, 48, 0x0000000000000000
2026/09/12 04:19:54.995, 2177 MHz, 11.72 W, 19 %, 48, 0x0000000000000000
2026/09/12 04:19:55.195, 2177 MHz, 11.72 W, 19 %, 48, 0x0000000000000000
2026/09/12 04:19:55.396, 2177 MHz, 11.56 W, 11 %, 48, 0x0000000000000000
2026/09/12 04:19:55.596, 2177 MHz, 11.56 W, 11 %, 48, 0x0000000000000000
2026/09/12 04:19:55.796, 2177 MHz, 11.60 W, 11 %, 48, 0x0000000000000000
2026/09/12 04:19:55.996, 2177 MHz, 11.60 W, 11 %, 48, 0x0000000000000000
2026/09/12 04:19:56.197, 2177 MHz, 11.60 W, 11 %, 48, 0x0000000000000000
2026/09/12 04:19:56.397, 2177 MHz, 11.47 W, 0 %, 48, 0x0000000000000000
2026/09/12 04:19:56.597, 2177 MHz, 11.47 W, 0 %, 48, 0x0000000000000000
2026/09/12 04:19:56.797, 2177 MHz, 9.87 W, 0 %, 48, 0x0000000000000000
2026/09/12 04:19:56.998, 2177 MHz, 9.87 W, 0 %, 48, 0x0000000000000000
2026/09/12 04:19:57.198, 2177 MHz, 9.87 W, 0 %, 48, 0x0000000000000000
2026/09/12 04:19:57.398, 2177 MHz, 11.44 W, 32 %, 48, 0x0000000000000000
2026/09/12 04:19:57.599, 2177 MHz, 11.44 W, 32 %, 48, 0x0000000000000000
2026/09/12 04:19:57.799, 2177 MHz, 11.78 W, 32 %, 48, 0x0000000000000000
2026/09/12 04:19:57.999, 2177 MHz, 11.78 W, 32 %, 48, 0x0000000000000000
2026/09/12 04:19:58.199, 2177 MHz, 11.78 W, 32 %, 48, 0x0000000000000000
2026/09/12 04:19:58.399, 2177 MHz, 11.72 W, 0 %, 48, 0x0000000000000000
2026/09/12 04:19:58.600, 2177 MHz, 11.72 W, 0 %, 48, 0x0000000000000000
2026/09/12 04:19:58.800, 2177 MHz, 12.99 W, 0 %, 49, 0x0000000000000000
2026/09/12 04:19:59.000, 2177 MHz, 12.99 W, 0 %, 49, 0x0000000000000000
2026/09/12 04:19:59.201, 2177 MHz, 12.99 W, 0 %, 49, 0x0000000000000000
2026/09/12 04:19:59.401, 2177 MHz, 12.01 W, 0 %, 48, 0x0000000000000000
2026/09/12 04:19:59.601, 2177 MHz, 12.01 W, 0 %, 48, 0x0000000000000000
2026/09/12 04:19:59.802, 2177 MHz, 12.23 W, 0 %, 48, 0x0000000000000000
2026/09/12 04:20:00.002, 2177 MHz, 12.23 W, 0 %, 48, 0x0000000000000000
2026/09/12 04:20:00.202, 2177 MHz, 12.23 W, 0 %, 48, 0x0000000000000000
2026/09/12 04:20:00.402, 2177 MHz, 12.09 W, 7 %, 48, 0x0000000000000000
2026/09/12 04:20:00.603, 2177 MHz, 12.09 W, 7 %, 48, 0x0000000000000000
2026/09/12 04:20:00.803, 2177 MHz, 12.04 W, 7 %, 48, 0x0000000000000000
2026/09/12 04:20:01.003, 2177 MHz, 12.04 W, 7 %, 48, 0x0000000000000000
2026/09/12 04:20:01.203, 2177 MHz, 12.04 W, 7 %, 48, 0x0000000000000000
2026/09/12 04:20:01.403, 2177 MHz, 13.13 W, 11 %, 48, 0x0000000000000000
2026/09/12 04:20:01.603, 2177 MHz, 13.13 W, 11 %, 48, 0x0000000000000000
2026/09/12 04:20:01.804, 2177 MHz, 12.04 W, 11 %, 48, 0x0000000000000000
2026/09/12 04:20:02.004, 2177 MHz, 12.04 W, 11 %, 48, 0x0000000000000000
2026/09/12 04:20:02.204, 2177 MHz, 12.04 W, 11 %, 48, 0x0000000000000000
2026/09/12 04:20:02.404, 2177 MHz, 12.51 W, 96 %, 49, 0x0000000000000000
2026/09/12 04:20:02.604, 2177 MHz, 12.51 W, 96 %, 49, 0x0000000000000000
2026/09/12 04:20:02.804, 2177 MHz, 12.45 W, 96 %, 48, 0x0000000000000000
2026/09/12 04:20:03.005, 2177 MHz, 12.45 W, 96 %, 48, 0x0000000000000000
2026/09/12 04:20:03.205, 2177 MHz, 12.45 W, 96 %, 48, 0x0000000000000000
2026/09/12 04:20:03.405, 2177 MHz, 12.62 W, 96 %, 49, 0x0000000000000000
2026/09/12 04:20:03.605, 2177 MHz, 12.62 W, 96 %, 49, 0x0000000000000000
2026/09/12 04:20:03.805, 2177 MHz, 13.56 W, 96 %, 50, 0x0000000000000000
2026/09/12 04:20:04.006, 2177 MHz, 13.56 W, 96 %, 50, 0x0000000000000000
2026/09/12 04:20:04.206, 2177 MHz, 13.56 W, 96 %, 50, 0x0000000000000000
2026/09/12 04:20:04.406, 2177 MHz, 12.70 W, 96 %, 49, 0x0000000000000000
2026/09/12 04:20:04.607, 2177 MHz, 12.70 W, 96 %, 49, 0x0000000000000000
2026/09/12 04:20:04.807, 2177 MHz, 12.87 W, 96 %, 49, 0x0000000000000000
2026/09/12 04:20:05.007, 2177 MHz, 12.87 W, 96 %, 49, 0x0000000000000000
2026/09/12 04:20:05.208, 2177 MHz, 12.87 W, 96 %, 49, 0x0000000000000000
2026/09/12 04:20:05.408, 2177 MHz, 13.00 W, 96 %, 49, 0x0000000000000000
2026/09/12 04:20:05.608, 2177 MHz, 13.00 W, 96 %, 49, 0x0000000000000000
2026/09/12 04:20:05.809, 2177 MHz, 12.95 W, 96 %, 49, 0x0000000000000000
2026/09/12 04:20:06.009, 2177 MHz, 12.95 W, 96 %, 49, 0x0000000000000000
2026/09/12 04:20:06.209, 2177 MHz, 12.95 W, 96 %, 49, 0x0000000000000000
2026/09/12 04:20:06.409, 2177 MHz, 12.98 W, 53 %, 49, 0x0000000000000000
2026/09/12 04:20:06.609, 2177 MHz, 12.98 W, 53 %, 49, 0x0000000000000000
2026/09/12 04:20:06.809, 2177 MHz, 12.92 W, 53 %, 49, 0x0000000000000000
2026/09/12 04:20:07.010, 2177 MHz, 12.92 W, 53 %, 49, 0x0000000000000000
2026/09/12 04:20:07.210, 2177 MHz, 12.92 W, 53 %, 49, 0x0000000000000000
2026/09/12 04:20:07.410, 2177 MHz, 12.81 W, 17 %, 49, 0x0000000000000000
2026/09/12 04:20:07.610, 2177 MHz, 12.81 W, 17 %, 49, 0x0000000000000000
2026/09/12 04:20:07.811, 2177 MHz, 12.91 W, 17 %, 49, 0x0000000000000000
2026/09/12 04:20:08.011, 2177 MHz, 12.91 W, 17 %, 49, 0x0000000000000000
2026/09/12 04:20:08.212, 2177 MHz, 12.91 W, 17 %, 49, 0x0000000000000000
2026/09/12 04:20:08.412, 2177 MHz, 13.26 W, 20 %, 49, 0x0000000000000000
2026/09/12 04:20:08.612, 2177 MHz, 13.26 W, 20 %, 49, 0x0000000000000000
2026/09/12 04:20:08.813, 2177 MHz, 12.60 W, 20 %, 49, 0x0000000000000000
2026/09/12 04:20:09.013, 2177 MHz, 12.60 W, 20 %, 49, 0x0000000000000000
2026/09/12 04:20:09.213, 2177 MHz, 12.60 W, 20 %, 49, 0x0000000000000000
2026/09/12 04:20:09.414, 2177 MHz, 12.93 W, 95 %, 49, 0x0000000000000000
2026/09/12 04:20:09.614, 2177 MHz, 12.93 W, 95 %, 49, 0x0000000000000000
2026/09/12 04:20:09.814, 2177 MHz, 12.45 W, 95 %, 49, 0x0000000000000000
2026/09/12 04:20:10.015, 2177 MHz, 12.45 W, 95 %, 49, 0x0000000000000000
2026/09/12 04:20:10.215, 2177 MHz, 12.45 W, 95 %, 49, 0x0000000000000000
2026/09/12 04:20:10.415, 2177 MHz, 12.70 W, 96 %, 49, 0x0000000000000000
2026/09/12 04:20:10.615, 2177 MHz, 12.70 W, 96 %, 49, 0x0000000000000000
2026/09/12 04:20:10.816, 2177 MHz, 13.35 W, 96 %, 49, 0x0000000000000000
2026/09/12 04:20:11.016, 2177 MHz, 13.35 W, 96 %, 49, 0x0000000000000000
2026/09/12 04:20:11.216, 2177 MHz, 13.35 W, 96 %, 49, 0x0000000000000000
2026/09/12 04:20:11.416, 2177 MHz, 12.77 W, 96 %, 49, 0x0000000000000000
2026/09/12 04:20:11.617, 2177 MHz, 12.77 W, 96 %, 49, 0x0000000000000000
2026/09/12 04:20:11.817, 2177 MHz, 13.40 W, 96 %, 49, 0x0000000000000000
2026/09/12 04:20:12.017, 2177 MHz, 13.40 W, 96 %, 49, 0x0000000000000000
2026/09/12 04:20:12.217, 2177 MHz, 13.40 W, 96 %, 49, 0x0000000000000000
2026/09/12 04:20:12.417, 2177 MHz, 12.87 W, 96 %, 49, 0x0000000000000000
2026/09/12 04:20:12.618, 2177 MHz, 12.87 W, 96 %, 49, 0x0000000000000000
2026/09/12 04:20:12.818, 2177 MHz, 11.02 W, 96 %, 49, 0x0000000000000000
2026/09/12 04:20:13.018, 2177 MHz, 11.02 W, 96 %, 49, 0x0000000000000000
2026/09/12 04:20:13.219, 2177 MHz, 11.02 W, 96 %, 49, 0x0000000000000000
2026/09/12 04:20:13.419, 2177 MHz, 11.66 W, 77 %, 50, 0x0000000000000000
2026/09/12 04:20:13.619, 2177 MHz, 11.66 W, 77 %, 50, 0x0000000000000000
2026/09/12 04:20:13.819, 2177 MHz, 12.83 W, 77 %, 49, 0x0000000000000000
2026/09/12 04:20:14.020, 2177 MHz, 12.83 W, 77 %, 49, 0x0000000000000000
2026/09/12 04:20:14.220, 2177 MHz, 12.83 W, 77 %, 49, 0x0000000000000000
2026/09/12 04:20:14.420, 2177 MHz, 12.08 W, 11 %, 49, 0x0000000000000000
2026/09/12 04:20:14.621, 2177 MHz, 12.08 W, 11 %, 49, 0x0000000000000000
2026/09/12 04:20:14.821, 2177 MHz, 13.09 W, 11 %, 49, 0x0000000000000000
2026/09/12 04:20:15.021, 2177 MHz, 13.09 W, 11 %, 49, 0x0000000000000000
2026/09/12 04:20:15.222, 2177 MHz, 13.09 W, 11 %, 49, 0x0000000000000000
2026/09/12 04:20:15.422, 2177 MHz, 12.59 W, 14 %, 49, 0x0000000000000000
2026/09/12 04:20:15.623, 2177 MHz, 12.59 W, 14 %, 49, 0x0000000000000000
2026/09/12 04:20:15.823, 2177 MHz, 12.65 W, 14 %, 49, 0x0000000000000000
2026/09/12 04:20:16.023, 2177 MHz, 12.65 W, 14 %, 49, 0x0000000000000000
2026/09/12 04:20:16.224, 2177 MHz, 12.65 W, 14 %, 49, 0x0000000000000000
2026/09/12 04:20:16.424, 2177 MHz, 13.33 W, 13 %, 49, 0x0000000000000000
2026/09/12 04:20:16.624, 2177 MHz, 13.33 W, 13 %, 49, 0x0000000000000000
2026/09/12 04:20:16.824, 2177 MHz, 12.40 W, 13 %, 49, 0x0000000000000000
2026/09/12 04:20:17.024, 2177 MHz, 12.40 W, 13 %, 49, 0x0000000000000000
2026/09/12 04:20:17.225, 2177 MHz, 12.40 W, 13 %, 49, 0x0000000000000000
2026/09/12 04:20:17.425, 2177 MHz, 12.75 W, 96 %, 49, 0x0000000000000000
2026/09/12 04:20:17.625, 2177 MHz, 12.75 W, 96 %, 49, 0x0000000000000000
2026/09/12 04:20:17.826, 2177 MHz, 12.79 W, 96 %, 49, 0x0000000000000000
2026/09/12 04:20:18.026, 2177 MHz, 12.79 W, 96 %, 49, 0x0000000000000000
2026/09/12 04:20:18.226, 2177 MHz, 12.79 W, 96 %, 49, 0x0000000000000000
2026/09/12 04:20:18.426, 2177 MHz, 12.93 W, 96 %, 49, 0x0000000000000000
2026/09/12 04:20:18.627, 2177 MHz, 12.93 W, 96 %, 49, 0x0000000000000000
2026/09/12 04:20:18.827, 2177 MHz, 13.71 W, 96 %, 51, 0x0000000000000000
2026/09/12 04:20:19.027, 2177 MHz, 13.71 W, 96 %, 51, 0x0000000000000000
2026/09/12 04:20:19.227, 2177 MHz, 13.71 W, 96 %, 51, 0x0000000000000000
2026/09/12 04:20:19.427, 2177 MHz, 12.90 W, 96 %, 49, 0x0000000000000000
2026/09/12 04:20:19.628, 2177 MHz, 12.90 W, 96 %, 49, 0x0000000000000000
2026/09/12 04:20:19.828, 2177 MHz, 13.03 W, 96 %, 50, 0x0000000000000000
2026/09/12 04:20:20.028, 2177 MHz, 13.03 W, 96 %, 50, 0x0000000000000000
2026/09/12 04:20:20.228, 2177 MHz, 13.03 W, 96 %, 50, 0x0000000000000000
2026/09/12 04:20:20.428, 2177 MHz, 13.05 W, 96 %, 49, 0x0000000000000000
2026/09/12 04:20:20.629, 2177 MHz, 13.05 W, 96 %, 49, 0x0000000000000000
2026/09/12 04:20:20.829, 2177 MHz, 13.02 W, 96 %, 50, 0x0000000000000000
2026/09/12 04:20:21.029, 2177 MHz, 13.02 W, 96 %, 50, 0x0000000000000000
2026/09/12 04:20:21.230, 2177 MHz, 13.02 W, 96 %, 50, 0x0000000000000000
2026/09/12 04:20:21.430, 2177 MHz, 12.87 W, 96 %, 50, 0x0000000000000000
2026/09/12 04:20:21.630, 2177 MHz, 12.87 W, 96 %, 50, 0x0000000000000000
2026/09/12 04:20:21.830, 2177 MHz, 12.94 W, 96 %, 50, 0x0000000000000000
2026/09/12 04:20:22.030, 2177 MHz, 12.94 W, 96 %, 50, 0x0000000000000000
2026/09/12 04:20:22.231, 2177 MHz, 12.94 W, 96 %, 50, 0x0000000000000000
2026/09/12 04:20:22.431, 2177 MHz, 12.97 W, 74 %, 49, 0x0000000000000000
2026/09/12 04:20:22.631, 2177 MHz, 12.97 W, 74 %, 49, 0x0000000000000000
2026/09/12 04:20:22.832, 2177 MHz, 12.95 W, 74 %, 50, 0x0000000000000000
2026/09/12 04:20:23.032, 2177 MHz, 12.95 W, 74 %, 50, 0x0000000000000000
2026/09/12 04:20:23.233, 2177 MHz, 12.95 W, 74 %, 50, 0x0000000000000000
2026/09/12 04:20:23.433, 2177 MHz, 12.87 W, 34 %, 49, 0x0000000000000000
2026/09/12 04:20:23.633, 2177 MHz, 12.87 W, 34 %, 49, 0x0000000000000000
2026/09/12 04:20:23.834, 2177 MHz, 12.86 W, 34 %, 50, 0x0000000000000000
2026/09/12 04:20:24.034, 2177 MHz, 12.86 W, 34 %, 50, 0x0000000000000000
2026/09/12 04:20:24.234, 2177 MHz, 12.86 W, 34 %, 50, 0x0000000000000000
2026/09/12 04:20:24.435, 2177 MHz, 12.77 W, 13 %, 50, 0x0000000000000000
2026/09/12 04:20:24.635, 2177 MHz, 12.77 W, 13 %, 50, 0x0000000000000000
2026/09/12 04:20:24.835, 2177 MHz, 12.80 W, 13 %, 50, 0x0000000000000000
2026/09/12 04:20:25.036, 2177 MHz, 12.80 W, 13 %, 50, 0x0000000000000000
2026/09/12 04:20:25.236, 2177 MHz, 12.80 W, 13 %, 50, 0x0000000000000000
2026/09/12 04:20:25.437, 2177 MHz, 13.35 W, 17 %, 50, 0x0000000000000000
2026/09/12 04:20:25.637, 2177 MHz, 13.35 W, 17 %, 50, 0x0000000000000000
2026/09/12 04:20:25.837, 2177 MHz, 12.93 W, 17 %, 50, 0x0000000000000000
2026/09/12 04:20:26.038, 2177 MHz, 12.93 W, 17 %, 50, 0x0000000000000000
2026/09/12 04:20:26.238, 2177 MHz, 12.93 W, 17 %, 50, 0x0000000000000000
2026/09/12 04:20:26.438, 2177 MHz, 13.27 W, 13 %, 50, 0x0000000000000000
2026/09/12 04:20:26.639, 2177 MHz, 13.27 W, 13 %, 50, 0x0000000000000000
2026/09/12 04:20:26.839, 2177 MHz, 12.73 W, 13 %, 50, 0x0000000000000000
2026/09/12 04:20:27.039, 2177 MHz, 12.73 W, 13 %, 50, 0x0000000000000000
2026/09/12 04:20:27.240, 2177 MHz, 12.73 W, 13 %, 50, 0x0000000000000000
2026/09/12 04:20:27.440, 2177 MHz, 12.94 W, 26 %, 51, 0x0000000000000000
2026/09/12 04:20:27.640, 2177 MHz, 12.94 W, 26 %, 51, 0x0000000000000000
2026/09/12 04:20:27.840, 2177 MHz, 12.79 W, 26 %, 50, 0x0000000000000000
2026/09/12 04:20:28.040, 2177 MHz, 12.79 W, 26 %, 50, 0x0000000000000000
2026/09/12 04:20:28.241, 2177 MHz, 12.79 W, 26 %, 50, 0x0000000000000000
2026/09/12 04:20:28.441, 2177 MHz, 11.09 W, 0 %, 49, 0x0000000000000000
2026/09/12 04:20:28.641, 2177 MHz, 11.09 W, 0 %, 49, 0x0000000000000000
2026/09/12 04:20:28.842, 2177 MHz, 11.40 W, 0 %, 51, 0x0000000000000000
2026/09/12 04:20:29.042, 2177 MHz, 11.40 W, 0 %, 51, 0x0000000000000000
2026/09/12 04:20:29.242, 2177 MHz, 11.40 W, 0 %, 51, 0x0000000000000000
2026/09/12 04:20:29.443, 2177 MHz, 11.36 W, 11 %, 49, 0x0000000000000000
2026/09/12 04:20:29.643, 2177 MHz, 11.36 W, 11 %, 49, 0x0000000000000000
2026/09/12 04:20:29.844, 2177 MHz, 11.40 W, 11 %, 50, 0x0000000000000000
2026/09/12 04:20:30.044, 2177 MHz, 11.40 W, 11 %, 50, 0x0000000000000000
2026/09/12 04:20:30.244, 2177 MHz, 11.40 W, 11 %, 50, 0x0000000000000000
2026/09/12 04:20:30.445, 2177 MHz, 11.65 W, 7 %, 50, 0x0000000000000000
2026/09/12 04:20:30.645, 2177 MHz, 11.65 W, 7 %, 50, 0x0000000000000000
2026/09/12 04:20:30.846, 2177 MHz, 11.41 W, 7 %, 50, 0x0000000000000000
2026/09/12 04:20:31.047, 2177 MHz, 11.41 W, 7 %, 50, 0x0000000000000000
2026/09/12 04:20:31.247, 2177 MHz, 11.41 W, 7 %, 50, 0x0000000000000000
2026/09/12 04:20:31.447, 2177 MHz, 11.31 W, 8 %, 49, 0x0000000000000000
2026/09/12 04:20:31.648, 2177 MHz, 11.31 W, 8 %, 49, 0x0000000000000000
2026/09/12 04:20:31.848, 2177 MHz, 10.80 W, 8 %, 50, 0x0000000000000000
2026/09/12 04:20:32.048, 2177 MHz, 10.80 W, 8 %, 50, 0x0000000000000000
2026/09/12 04:20:32.248, 2177 MHz, 10.80 W, 8 %, 50, 0x0000000000000000
2026/09/12 04:20:32.449, 2177 MHz, 11.43 W, 19 %, 50, 0x0000000000000000
2026/09/12 04:20:32.649, 2177 MHz, 11.43 W, 19 %, 50, 0x0000000000000000
2026/09/12 04:20:32.849, 2177 MHz, 10.85 W, 19 %, 49, 0x0000000000000000
2026/09/12 04:20:33.050, 2177 MHz, 10.85 W, 19 %, 49, 0x0000000000000000
2026/09/12 04:20:33.250, 2177 MHz, 10.85 W, 19 %, 49, 0x0000000000000000
2026/09/12 04:20:33.450, 2177 MHz, 10.08 W, 0 %, 49, 0x0000000000000000
2026/09/12 04:20:33.651, 2177 MHz, 10.08 W, 0 %, 49, 0x0000000000000000
2026/09/12 04:20:33.851, 2177 MHz, 9.80 W, 0 %, 49, 0x0000000000000000
2026/09/12 04:20:34.051, 2177 MHz, 9.80 W, 0 %, 49, 0x0000000000000000
2026/09/12 04:20:34.251, 2177 MHz, 9.80 W, 0 %, 49, 0x0000000000000000
2026/09/12 04:20:34.451, 2177 MHz, 11.18 W, 91 %, 50, 0x0000000000000000
2026/09/12 04:20:34.652, 2177 MHz, 11.18 W, 91 %, 50, 0x0000000000000000
2026/09/12 04:20:34.852, 2177 MHz, 14.20 W, 91 %, 51, 0x0000000000000000
2026/09/12 04:20:35.052, 2177 MHz, 14.20 W, 91 %, 51, 0x0000000000000000
2026/09/12 04:20:35.252, 2177 MHz, 14.20 W, 91 %, 51, 0x0000000000000000
2026/09/12 04:20:35.453, 2177 MHz, 18.21 W, 96 %, 53, 0x0000000000000000
2026/09/12 04:20:35.653, 2177 MHz, 18.21 W, 96 %, 53, 0x0000000000000000
2026/09/12 04:20:35.853, 2177 MHz, 21.83 W, 96 %, 52, 0x0000000000000000
2026/09/12 04:20:36.053, 2177 MHz, 21.83 W, 96 %, 52, 0x0000000000000000
2026/09/12 04:20:36.254, 2177 MHz, 21.83 W, 96 %, 52, 0x0000000000000000
2026/09/12 04:20:36.454, 2177 MHz, 22.32 W, 70 %, 51, 0x0000000000000000
2026/09/12 04:20:36.654, 2177 MHz, 22.32 W, 70 %, 51, 0x0000000000000000
2026/09/12 04:20:36.854, 2177 MHz, 21.81 W, 70 %, 51, 0x0000000000000000
2026/09/12 04:20:37.055, 2177 MHz, 21.81 W, 70 %, 51, 0x0000000000000000
2026/09/12 04:20:37.255, 2177 MHz, 21.81 W, 70 %, 51, 0x0000000000000000
2026/09/12 04:20:37.455, 2177 MHz, 20.57 W, 96 %, 52, 0x0000000000000000
2026/09/12 04:20:37.656, 2177 MHz, 20.57 W, 96 %, 52, 0x0000000000000000
2026/09/12 04:20:37.856, 2171 MHz, 22.75 W, 96 %, 52, 0x0000000000000000
2026/09/12 04:20:38.056, 2171 MHz, 22.75 W, 96 %, 52, 0x0000000000000000
2026/09/12 04:20:38.257, 2171 MHz, 22.75 W, 96 %, 52, 0x0000000000000000
2026/09/12 04:20:38.457, 2177 MHz, 36.85 W, 91 %, 55, 0x0000000000000000
2026/09/12 04:20:38.657, 2177 MHz, 36.85 W, 91 %, 55, 0x0000000000000000
2026/09/12 04:20:38.858, 2184 MHz, 40.45 W, 91 %, 52, 0x0000000000000000
2026/09/12 04:20:39.058, 2184 MHz, 40.45 W, 91 %, 52, 0x0000000000000000
2026/09/12 04:20:39.258, 2184 MHz, 40.45 W, 91 %, 52, 0x0000000000000000
2026/09/12 04:20:39.458, 2177 MHz, 25.18 W, 63 %, 53, 0x0000000000000000
2026/09/12 04:20:39.658, 2177 MHz, 25.18 W, 63 %, 53, 0x0000000000000000
2026/09/12 04:20:39.859, 2177 MHz, 17.75 W, 63 %, 51, 0x0000000000000000
2026/09/12 04:20:40.059, 2177 MHz, 17.75 W, 63 %, 51, 0x0000000000000000
2026/09/12 04:20:40.259, 2177 MHz, 17.75 W, 63 %, 51, 0x0000000000000000
2026/09/12 04:20:40.460, 2177 MHz, 20.09 W, 65 %, 52, 0x0000000000000000
2026/09/12 04:20:40.660, 2177 MHz, 20.09 W, 65 %, 52, 0x0000000000000000
2026/09/12 04:20:40.860, 2177 MHz, 18.26 W, 65 %, 51, 0x0000000000000000
2026/09/12 04:20:41.060, 2177 MHz, 18.26 W, 65 %, 51, 0x0000000000000000
2026/09/12 04:20:41.261, 2177 MHz, 18.26 W, 65 %, 51, 0x0000000000000000
2026/09/12 04:20:41.461, 2177 MHz, 15.13 W, 7 %, 51, 0x0000000000000000
2026/09/12 04:20:41.661, 2177 MHz, 15.13 W, 7 %, 51, 0x0000000000000000
2026/09/12 04:20:41.862, 2177 MHz, 12.38 W, 7 %, 51, 0x0000000000000000
2026/09/12 04:20:42.062, 2177 MHz, 12.38 W, 7 %, 51, 0x0000000000000000
2026/09/12 04:20:42.262, 2177 MHz, 12.38 W, 7 %, 51, 0x0000000000000000
2026/09/12 04:20:42.462, 2177 MHz, 10.70 W, 8 %, 50, 0x0000000000000000
2026/09/12 04:20:42.662, 2177 MHz, 10.70 W, 8 %, 50, 0x0000000000000000
2026/09/12 04:20:42.863, 2177 MHz, 11.12 W, 8 %, 50, 0x0000000000000000
2026/09/12 04:20:43.063, 2177 MHz, 11.12 W, 8 %, 50, 0x0000000000000000
2026/09/12 04:20:43.263, 2177 MHz, 11.12 W, 8 %, 50, 0x0000000000000000
2026/09/12 04:20:43.463, 2177 MHz, 11.19 W, 10 %, 50, 0x0000000000000000
2026/09/12 04:20:43.664, 2177 MHz, 11.19 W, 10 %, 50, 0x0000000000000000
2026/09/12 04:20:43.864, 2177 MHz, 15.00 W, 10 %, 53, 0x0000000000000000
2026/09/12 04:20:44.064, 2177 MHz, 15.00 W, 10 %, 53, 0x0000000000000000
2026/09/12 04:20:44.264, 2177 MHz, 15.00 W, 10 %, 53, 0x0000000000000000
2026/09/12 04:20:44.464, 2177 MHz, 19.50 W, 40 %, 51, 0x0000000000000000
2026/09/12 04:20:44.665, 2177 MHz, 19.50 W, 40 %, 51, 0x0000000000000000
2026/09/12 04:20:44.865, 2177 MHz, 18.68 W, 40 %, 52, 0x0000000000000000
2026/09/12 04:20:45.065, 2177 MHz, 18.68 W, 40 %, 52, 0x0000000000000000
2026/09/12 04:20:45.265, 2177 MHz, 18.68 W, 40 %, 52, 0x0000000000000000
2026/09/12 04:20:45.466, 2177 MHz, 13.92 W, 0 %, 50, 0x0000000000000000
2026/09/12 04:20:45.666, 2177 MHz, 13.92 W, 0 %, 50, 0x0000000000000000
2026/09/12 04:20:45.866, 2177 MHz, 10.32 W, 0 %, 50, 0x0000000000000000
2026/09/12 04:20:46.066, 2177 MHz, 10.32 W, 0 %, 50, 0x0000000000000000
2026/09/12 04:20:46.267, 2177 MHz, 10.32 W, 0 %, 50, 0x0000000000000000
2026/09/12 04:20:46.467, 2177 MHz, 9.81 W, 0 %, 50, 0x0000000000000000
2026/09/12 04:20:46.667, 2177 MHz, 9.81 W, 0 %, 50, 0x0000000000000000
2026/09/12 04:20:46.867, 2177 MHz, 9.84 W, 0 %, 50, 0x0000000000000000
2026/09/12 04:20:47.067, 2177 MHz, 9.84 W, 0 %, 50, 0x0000000000000000
2026/09/12 04:20:47.268, 2177 MHz, 9.84 W, 0 %, 50, 0x0000000000000000
2026/09/12 04:20:47.468, 2177 MHz, 14.23 W, 52 %, 52, 0x0000000000000000
2026/09/12 04:20:47.668, 2177 MHz, 14.23 W, 52 %, 52, 0x0000000000000000
2026/09/12 04:20:47.868, 2177 MHz, 18.26 W, 52 %, 53, 0x0000000000000000
2026/09/12 04:20:48.069, 2177 MHz, 18.26 W, 52 %, 53, 0x0000000000000000
2026/09/12 04:20:48.269, 2177 MHz, 18.26 W, 52 %, 53, 0x0000000000000000
2026/09/12 04:20:48.469, 2177 MHz, 18.16 W, 50 %, 52, 0x0000000000000000
2026/09/12 04:20:48.670, 2177 MHz, 18.16 W, 50 %, 52, 0x0000000000000000
2026/09/12 04:20:48.870, 2177 MHz, 17.98 W, 50 %, 53, 0x0000000000000000
2026/09/12 04:20:49.070, 2177 MHz, 17.98 W, 50 %, 53, 0x0000000000000000
2026/09/12 04:20:49.271, 2177 MHz, 17.98 W, 50 %, 53, 0x0000000000000000
2026/09/12 04:20:49.471, 2177 MHz, 17.94 W, 36 %, 53, 0x0000000000000000
2026/09/12 04:20:49.671, 2177 MHz, 17.94 W, 36 %, 53, 0x0000000000000000
2026/09/12 04:20:49.872, 2177 MHz, 18.04 W, 36 %, 53, 0x0000000000000000
2026/09/12 04:20:50.072, 2177 MHz, 18.04 W, 36 %, 53, 0x0000000000000000
2026/09/12 04:20:50.272, 2177 MHz, 18.04 W, 36 %, 53, 0x0000000000000000
2026/09/12 04:20:50.472, 2184 MHz, 18.15 W, 26 %, 53, 0x0000000000000000
2026/09/12 04:20:50.672, 2184 MHz, 18.15 W, 26 %, 53, 0x0000000000000000
2026/09/12 04:20:50.873, 2177 MHz, 18.07 W, 26 %, 51, 0x0000000000000000
2026/09/12 04:20:51.073, 2177 MHz, 18.07 W, 26 %, 51, 0x0000000000000000
2026/09/12 04:20:51.273, 2177 MHz, 18.07 W, 26 %, 51, 0x0000000000000000
2026/09/12 04:20:51.473, 2177 MHz, 18.19 W, 50 %, 53, 0x0000000000000000
2026/09/12 04:20:51.674, 2177 MHz, 18.19 W, 50 %, 53, 0x0000000000000000
2026/09/12 04:20:51.874, 2177 MHz, 17.64 W, 50 %, 51, 0x0000000000000000
2026/09/12 04:20:52.074, 2177 MHz, 17.64 W, 50 %, 51, 0x0000000000000000
2026/09/12 04:20:52.274, 2177 MHz, 17.64 W, 50 %, 51, 0x0000000000000000
2026/09/12 04:20:52.474, 2177 MHz, 16.22 W, 16 %, 51, 0x0000000000000000
2026/09/12 04:20:52.675, 2177 MHz, 16.22 W, 16 %, 51, 0x0000000000000000
2026/09/12 04:20:52.875, 2177 MHz, 14.19 W, 16 %, 51, 0x0000000000000000
2026/09/12 04:20:53.075, 2177 MHz, 14.19 W, 16 %, 51, 0x0000000000000000
2026/09/12 04:20:53.275, 2177 MHz, 14.19 W, 16 %, 51, 0x0000000000000000
2026/09/12 04:20:53.475, 2177 MHz, 12.66 W, 12 %, 51, 0x0000000000000000
2026/09/12 04:20:53.676, 2177 MHz, 12.66 W, 12 %, 51, 0x0000000000000000
2026/09/12 04:20:53.876, 2177 MHz, 12.81 W, 12 %, 51, 0x0000000000000000
2026/09/12 04:20:54.076, 2177 MHz, 12.81 W, 12 %, 51, 0x0000000000000000
2026/09/12 04:20:54.276, 2177 MHz, 12.81 W, 12 %, 51, 0x0000000000000000
2026/09/12 04:20:54.476, 2177 MHz, 12.81 W, 18 %, 51, 0x0000000000000000
2026/09/12 04:20:54.676, 2177 MHz, 12.81 W, 18 %, 51, 0x0000000000000000
2026/09/12 04:20:54.876, 2177 MHz, 13.05 W, 18 %, 51, 0x0000000000000000
2026/09/12 04:20:55.077, 2177 MHz, 13.05 W, 18 %, 51, 0x0000000000000000
2026/09/12 04:20:55.277, 2177 MHz, 13.05 W, 18 %, 51, 0x0000000000000000
2026/09/12 04:20:55.477, 2177 MHz, 13.67 W, 27 %, 52, 0x0000000000000000
2026/09/12 04:20:55.678, 2177 MHz, 13.67 W, 27 %, 52, 0x0000000000000000
2026/09/12 04:20:55.878, 2177 MHz, 14.24 W, 27 %, 51, 0x0000000000000000
2026/09/12 04:20:56.078, 2177 MHz, 14.24 W, 27 %, 51, 0x0000000000000000
2026/09/12 04:20:56.278, 2177 MHz, 14.24 W, 27 %, 51, 0x0000000000000000
2026/09/12 04:20:56.478, 2177 MHz, 14.55 W, 26 %, 51, 0x0000000000000000
2026/09/12 04:20:56.678, 2177 MHz, 14.55 W, 26 %, 51, 0x0000000000000000
2026/09/12 04:20:56.878, 2177 MHz, 14.57 W, 26 %, 52, 0x0000000000000000
2026/09/12 04:20:57.079, 2177 MHz, 14.57 W, 26 %, 52, 0x0000000000000000
2026/09/12 04:20:57.279, 2177 MHz, 14.57 W, 26 %, 52, 0x0000000000000000
2026/09/12 04:20:57.479, 2177 MHz, 14.35 W, 38 %, 52, 0x0000000000000000
2026/09/12 04:20:57.679, 2177 MHz, 14.35 W, 38 %, 52, 0x0000000000000000
2026/09/12 04:20:57.879, 2177 MHz, 14.90 W, 38 %, 52, 0x0000000000000000
2026/09/12 04:20:58.079, 2177 MHz, 14.90 W, 38 %, 52, 0x0000000000000000
2026/09/12 04:20:58.280, 2177 MHz, 14.90 W, 38 %, 52, 0x0000000000000000
2026/09/12 04:20:58.480, 2177 MHz, 15.24 W, 22 %, 52, 0x0000000000000000
2026/09/12 04:20:58.680, 2177 MHz, 15.24 W, 22 %, 52, 0x0000000000000000
2026/09/12 04:20:58.880, 2177 MHz, 15.34 W, 22 %, 52, 0x0000000000000000
2026/09/12 04:20:59.080, 2177 MHz, 15.34 W, 22 %, 52, 0x0000000000000000
2026/09/12 04:20:59.280, 2177 MHz, 15.34 W, 22 %, 52, 0x0000000000000000
2026/09/12 04:20:59.480, 2177 MHz, 15.10 W, 20 %, 51, 0x0000000000000000
2026/09/12 04:20:59.681, 2177 MHz, 15.10 W, 20 %, 51, 0x0000000000000000
2026/09/12 04:20:59.881, 2177 MHz, 13.96 W, 20 %, 51, 0x0000000000000000
2026/09/12 04:21:00.081, 2177 MHz, 13.96 W, 20 %, 51, 0x0000000000000000
2026/09/12 04:21:00.281, 2177 MHz, 13.96 W, 20 %, 51, 0x0000000000000000
2026/09/12 04:21:00.481, 2177 MHz, 13.00 W, 9 %, 51, 0x0000000000000000
2026/09/12 04:21:00.682, 2177 MHz, 13.00 W, 9 %, 51, 0x0000000000000000
2026/09/12 04:21:00.882, 2177 MHz, 12.53 W, 9 %, 51, 0x0000000000000000
2026/09/12 04:21:01.082, 2177 MHz, 12.53 W, 9 %, 51, 0x0000000000000000
2026/09/12 04:21:01.282, 2177 MHz, 12.53 W, 9 %, 51, 0x0000000000000000
2026/09/12 04:21:01.483, 2177 MHz, 13.04 W, 19 %, 52, 0x0000000000000000
2026/09/12 04:21:01.683, 2177 MHz, 13.04 W, 19 %, 52, 0x0000000000000000
2026/09/12 04:21:01.883, 2177 MHz, 13.83 W, 19 %, 51, 0x0000000000000000
2026/09/12 04:21:02.083, 2177 MHz, 13.83 W, 19 %, 51, 0x0000000000000000
2026/09/12 04:21:02.283, 2177 MHz, 13.83 W, 19 %, 51, 0x0000000000000000
2026/09/12 04:21:02.484, 2177 MHz, 14.20 W, 33 %, 51, 0x0000000000000000
2026/09/12 04:21:02.684, 2177 MHz, 14.20 W, 33 %, 51, 0x0000000000000000
2026/09/12 04:21:02.884, 2177 MHz, 14.65 W, 33 %, 52, 0x0000000000000000
2026/09/12 04:21:03.084, 2177 MHz, 14.65 W, 33 %, 52, 0x0000000000000000
2026/09/12 04:21:03.285, 2177 MHz, 14.65 W, 33 %, 52, 0x0000000000000000
2026/09/12 04:21:03.485, 2177 MHz, 15.58 W, 45 %, 52, 0x0000000000000000
2026/09/12 04:21:03.685, 2177 MHz, 15.58 W, 45 %, 52, 0x0000000000000000
2026/09/12 04:21:03.885, 2177 MHz, 16.18 W, 45 %, 52, 0x0000000000000000
2026/09/12 04:21:04.086, 2177 MHz, 16.18 W, 45 %, 52, 0x0000000000000000
2026/09/12 04:21:04.286, 2177 MHz, 16.18 W, 45 %, 52, 0x0000000000000000
2026/09/12 04:21:04.486, 2177 MHz, 16.47 W, 46 %, 52, 0x0000000000000000
2026/09/12 04:21:04.686, 2177 MHz, 16.47 W, 46 %, 52, 0x0000000000000000
2026/09/12 04:21:04.886, 2177 MHz, 16.38 W, 46 %, 52, 0x0000000000000000
2026/09/12 04:21:05.087, 2177 MHz, 16.38 W, 46 %, 52, 0x0000000000000000
2026/09/12 04:21:05.287, 2177 MHz, 16.38 W, 46 %, 52, 0x0000000000000000
2026/09/12 04:21:05.487, 2177 MHz, 15.93 W, 29 %, 52, 0x0000000000000000
2026/09/12 04:21:05.687, 2177 MHz, 15.93 W, 29 %, 52, 0x0000000000000000
2026/09/12 04:21:05.888, 2177 MHz, 16.45 W, 29 %, 53, 0x0000000000000000
2026/09/12 04:21:06.088, 2177 MHz, 16.45 W, 29 %, 53, 0x0000000000000000
2026/09/12 04:21:06.288, 2177 MHz, 16.45 W, 29 %, 53, 0x0000000000000000
2026/09/12 04:21:06.488, 2177 MHz, 17.52 W, 38 %, 53, 0x0000000000000000
2026/09/12 04:21:06.689, 2177 MHz, 17.52 W, 38 %, 53, 0x0000000000000000
2026/09/12 04:21:06.889, 2177 MHz, 18.64 W, 38 %, 53, 0x0000000000000000
2026/09/12 04:21:07.089, 2177 MHz, 18.64 W, 38 %, 53, 0x0000000000000000
2026/09/12 04:21:07.290, 2177 MHz, 18.64 W, 38 %, 53, 0x0000000000000000
2026/09/12 04:21:07.490, 2177 MHz, 19.02 W, 42 %, 53, 0x0000000000000000
2026/09/12 04:21:07.690, 2177 MHz, 19.02 W, 42 %, 53, 0x0000000000000000
2026/09/12 04:21:07.891, 2177 MHz, 18.75 W, 42 %, 53, 0x0000000000000000
2026/09/12 04:21:08.091, 2177 MHz, 18.75 W, 42 %, 53, 0x0000000000000000
2026/09/12 04:21:08.291, 2177 MHz, 18.75 W, 42 %, 53, 0x0000000000000000
2026/09/12 04:21:08.491, 2177 MHz, 18.91 W, 40 %, 53, 0x0000000000000000
2026/09/12 04:21:08.691, 2177 MHz, 18.91 W, 40 %, 53, 0x0000000000000000
2026/09/12 04:21:08.892, 2177 MHz, 19.04 W, 40 %, 53, 0x0000000000000000
2026/09/12 04:21:09.092, 2177 MHz, 19.04 W, 40 %, 53, 0x0000000000000000
2026/09/12 04:21:09.292, 2177 MHz, 19.04 W, 40 %, 53, 0x0000000000000000
2026/09/12 04:21:09.492, 2177 MHz, 19.53 W, 62 %, 54, 0x0000000000000000
2026/09/12 04:21:09.692, 2177 MHz, 19.53 W, 62 %, 54, 0x0000000000000000
2026/09/12 04:21:09.892, 2177 MHz, 19.85 W, 62 %, 54, 0x0000000000000000
2026/09/12 04:21:10.093, 2177 MHz, 19.85 W, 62 %, 54, 0x0000000000000000
2026/09/12 04:21:10.293, 2177 MHz, 19.85 W, 62 %, 54, 0x0000000000000000
2026/09/12 04:21:10.493, 2177 MHz, 19.49 W, 52 %, 53, 0x0000000000000000
2026/09/12 04:21:10.694, 2177 MHz, 19.49 W, 52 %, 53, 0x0000000000000000
2026/09/12 04:21:10.894, 2177 MHz, 19.05 W, 52 %, 53, 0x0000000000000000
2026/09/12 04:21:11.094, 2177 MHz, 19.05 W, 52 %, 53, 0x0000000000000000
2026/09/12 04:21:11.294, 2177 MHz, 19.05 W, 52 %, 53, 0x0000000000000000
2026/09/12 04:21:11.494, 2177 MHz, 17.73 W, 21 %, 53, 0x0000000000000000
2026/09/12 04:21:11.694, 2177 MHz, 17.73 W, 21 %, 53, 0x0000000000000000
2026/09/12 04:21:11.894, 2177 MHz, 15.40 W, 21 %, 53, 0x0000000000000000
2026/09/12 04:21:12.095, 2177 MHz, 15.40 W, 21 %, 53, 0x0000000000000000
2026/09/12 04:21:12.295, 2177 MHz, 15.40 W, 21 %, 53, 0x0000000000000000
2026/09/12 04:21:12.495, 2177 MHz, 14.29 W, 25 %, 52, 0x0000000000000000
2026/09/12 04:21:12.695, 2177 MHz, 14.29 W, 25 %, 52, 0x0000000000000000
2026/09/12 04:21:12.895, 2177 MHz, 14.70 W, 25 %, 52, 0x0000000000000000
2026/09/12 04:21:13.095, 2177 MHz, 14.70 W, 25 %, 52, 0x0000000000000000
2026/09/12 04:21:13.295, 2177 MHz, 14.70 W, 25 %, 52, 0x0000000000000000
2026/09/12 04:21:13.496, 2177 MHz, 15.81 W, 41 %, 53, 0x0000000000000000
2026/09/12 04:21:13.696, 2177 MHz, 15.81 W, 41 %, 53, 0x0000000000000000
2026/09/12 04:21:13.896, 2184 MHz, 16.84 W, 41 %, 53, 0x0000000000000000
2026/09/12 04:21:14.096, 2184 MHz, 16.84 W, 41 %, 53, 0x0000000000000000
2026/09/12 04:21:14.296, 2184 MHz, 16.84 W, 41 %, 53, 0x0000000000000000
2026/09/12 04:21:14.496, 2184 MHz, 17.30 W, 41 %, 53, 0x0000000000000000
2026/09/12 04:21:14.696, 2184 MHz, 17.30 W, 41 %, 53, 0x0000000000000000
2026/09/12 04:21:14.897, 2184 MHz, 17.45 W, 41 %, 53, 0x0000000000000000
2026/09/12 04:21:15.097, 2184 MHz, 17.45 W, 41 %, 53, 0x0000000000000000
2026/09/12 04:21:15.297, 2184 MHz, 17.45 W, 41 %, 53, 0x0000000000000000
2026/09/12 04:21:15.497, 2184 MHz, 18.16 W, 52 %, 53, 0x0000000000000000
2026/09/12 04:21:15.697, 2184 MHz, 18.16 W, 52 %, 53, 0x0000000000000000
2026/09/12 04:21:15.897, 2184 MHz, 18.55 W, 52 %, 53, 0x0000000000000000
2026/09/12 04:21:16.097, 2184 MHz, 18.55 W, 52 %, 53, 0x0000000000000000
2026/09/12 04:21:16.298, 2184 MHz, 18.55 W, 52 %, 53, 0x0000000000000000
2026/09/12 04:21:16.498, 2184 MHz, 18.36 W, 51 %, 53, 0x0000000000000000
2026/09/12 04:21:16.698, 2184 MHz, 18.36 W, 51 %, 53, 0x0000000000000000
2026/09/12 04:21:16.898, 2184 MHz, 17.77 W, 51 %, 53, 0x0000000000000000
2026/09/12 04:21:17.098, 2184 MHz, 17.77 W, 51 %, 53, 0x0000000000000000
2026/09/12 04:21:17.299, 2184 MHz, 17.77 W, 51 %, 53, 0x0000000000000000
2026/09/12 04:21:17.499, 2184 MHz, 17.57 W, 48 %, 53, 0x0000000000000000
2026/09/12 04:21:17.699, 2184 MHz, 17.57 W, 48 %, 53, 0x0000000000000000
2026/09/12 04:21:17.899, 2184 MHz, 18.46 W, 48 %, 53, 0x0000000000000000
2026/09/12 04:21:18.100, 2184 MHz, 18.46 W, 48 %, 53, 0x0000000000000000
2026/09/12 04:21:18.300, 2184 MHz, 18.46 W, 48 %, 53, 0x0000000000000000
2026/09/12 04:21:18.500, 2184 MHz, 19.28 W, 54 %, 54, 0x0000000000000000
2026/09/12 04:21:18.700, 2184 MHz, 19.28 W, 54 %, 54, 0x0000000000000000
2026/09/12 04:21:18.900, 2184 MHz, 20.09 W, 54 %, 54, 0x0000000000000000
2026/09/12 04:21:19.100, 2184 MHz, 20.09 W, 54 %, 54, 0x0000000000000000
2026/09/12 04:21:19.301, 2184 MHz, 20.09 W, 54 %, 54, 0x0000000000000000
2026/09/12 04:21:19.501, 2184 MHz, 19.88 W, 50 %, 54, 0x0000000000000000
2026/09/12 04:21:19.701, 2184 MHz, 19.88 W, 50 %, 54, 0x0000000000000000
2026/09/12 04:21:19.901, 2184 MHz, 18.77 W, 50 %, 54, 0x0000000000000000
2026/09/12 04:21:20.101, 2184 MHz, 18.77 W, 50 %, 54, 0x0000000000000000
2026/09/12 04:21:20.302, 2184 MHz, 18.77 W, 50 %, 54, 0x0000000000000000
2026/09/12 04:21:20.502, 2184 MHz, 18.43 W, 38 %, 53, 0x0000000000000000
2026/09/12 04:21:20.703, 2184 MHz, 18.43 W, 38 %, 53, 0x0000000000000000
2026/09/12 04:21:20.903, 2184 MHz, 18.36 W, 38 %, 53, 0x0000000000000000
2026/09/12 04:21:21.103, 2184 MHz, 18.36 W, 38 %, 53, 0x0000000000000000
2026/09/12 04:21:21.303, 2184 MHz, 18.36 W, 38 %, 53, 0x0000000000000000
2026/09/12 04:21:21.504, 2184 MHz, 19.61 W, 69 %, 54, 0x0000000000000000
2026/09/12 04:21:21.704, 2184 MHz, 19.61 W, 69 %, 54, 0x0000000000000000
2026/09/12 04:21:21.904, 2184 MHz, 19.79 W, 69 %, 54, 0x0000000000000000
2026/09/12 04:21:22.104, 2184 MHz, 19.79 W, 69 %, 54, 0x0000000000000000
2026/09/12 04:21:22.304, 2184 MHz, 19.79 W, 69 %, 54, 0x0000000000000000
2026/09/12 04:21:22.505, 2184 MHz, 18.97 W, 55 %, 55, 0x0000000000000000
2026/09/12 04:21:22.705, 2184 MHz, 18.97 W, 55 %, 55, 0x0000000000000000
2026/09/12 04:21:22.905, 2184 MHz, 19.60 W, 55 %, 54, 0x0000000000000000
2026/09/12 04:21:23.106, 2184 MHz, 19.60 W, 55 %, 54, 0x0000000000000000
2026/09/12 04:21:23.306, 2184 MHz, 19.60 W, 55 %, 54, 0x0000000000000000
2026/09/12 04:21:23.506, 2184 MHz, 19.06 W, 42 %, 54, 0x0000000000000000
2026/09/12 04:21:23.706, 2184 MHz, 19.06 W, 42 %, 54, 0x0000000000000000
2026/09/12 04:21:23.907, 2184 MHz, 17.94 W, 42 %, 53, 0x0000000000000000
2026/09/12 04:21:24.107, 2184 MHz, 17.94 W, 42 %, 53, 0x0000000000000000
2026/09/12 04:21:24.307, 2184 MHz, 17.94 W, 42 %, 53, 0x0000000000000000
2026/09/12 04:21:24.508, 2184 MHz, 15.96 W, 16 %, 53, 0x0000000000000000
2026/09/12 04:21:24.708, 2184 MHz, 15.96 W, 16 %, 53, 0x0000000000000000
2026/09/12 04:21:24.908, 2184 MHz, 14.31 W, 16 %, 53, 0x0000000000000000
2026/09/12 04:21:25.108, 2184 MHz, 14.31 W, 16 %, 53, 0x0000000000000000
2026/09/12 04:21:25.308, 2184 MHz, 14.31 W, 16 %, 53, 0x0000000000000000
2026/09/12 04:21:25.508, 2177 MHz, 14.15 W, 23 %, 53, 0x0000000000000000
2026/09/12 04:21:25.709, 2177 MHz, 14.15 W, 23 %, 53, 0x0000000000000000
2026/09/12 04:21:25.909, 2177 MHz, 14.52 W, 23 %, 53, 0x0000000000000000
2026/09/12 04:21:26.109, 2177 MHz, 14.52 W, 23 %, 53, 0x0000000000000000
2026/09/12 04:21:26.309, 2177 MHz, 14.52 W, 23 %, 53, 0x0000000000000000
2026/09/12 04:21:26.509, 2184 MHz, 15.82 W, 25 %, 53, 0x0000000000000000
2026/09/12 04:21:26.709, 2184 MHz, 15.82 W, 25 %, 53, 0x0000000000000000
2026/09/12 04:21:26.909, 2184 MHz, 16.13 W, 25 %, 53, 0x0000000000000000
2026/09/12 04:21:27.110, 2184 MHz, 16.13 W, 25 %, 53, 0x0000000000000000
2026/09/12 04:21:27.310, 2184 MHz, 16.13 W, 25 %, 53, 0x0000000000000000
2026/09/12 04:21:27.510, 2184 MHz, 15.90 W, 37 %, 53, 0x0000000000000000
2026/09/12 04:21:27.710, 2184 MHz, 15.90 W, 37 %, 53, 0x0000000000000000
2026/09/12 04:21:27.910, 2184 MHz, 16.62 W, 37 %, 53, 0x0000000000000000
2026/09/12 04:21:28.111, 2184 MHz, 16.62 W, 37 %, 53, 0x0000000000000000
2026/09/12 04:21:28.311, 2184 MHz, 16.62 W, 37 %, 53, 0x0000000000000000
2026/09/12 04:21:28.511, 2184 MHz, 16.81 W, 34 %, 54, 0x0000000000000000
2026/09/12 04:21:28.711, 2184 MHz, 16.81 W, 34 %, 54, 0x0000000000000000
2026/09/12 04:21:28.912, 2184 MHz, 16.99 W, 34 %, 54, 0x0000000000000000
2026/09/12 04:21:29.112, 2184 MHz, 16.99 W, 34 %, 54, 0x0000000000000000
2026/09/12 04:21:29.312, 2184 MHz, 16.99 W, 34 %, 54, 0x0000000000000000
2026/09/12 04:21:29.513, 2184 MHz, 17.50 W, 35 %, 54, 0x0000000000000000
2026/09/12 04:21:29.713, 2184 MHz, 17.50 W, 35 %, 54, 0x0000000000000000
2026/09/12 04:21:29.913, 2184 MHz, 17.72 W, 35 %, 54, 0x0000000000000000
2026/09/12 04:21:30.113, 2184 MHz, 17.72 W, 35 %, 54, 0x0000000000000000
2026/09/12 04:21:30.314, 2184 MHz, 17.72 W, 35 %, 54, 0x0000000000000000
2026/09/12 04:21:30.514, 2184 MHz, 18.02 W, 38 %, 54, 0x0000000000000000
2026/09/12 04:21:30.714, 2184 MHz, 18.02 W, 38 %, 54, 0x0000000000000000
2026/09/12 04:21:30.914, 2184 MHz, 16.96 W, 38 %, 53, 0x0000000000000000
2026/09/12 04:21:31.114, 2184 MHz, 16.96 W, 38 %, 53, 0x0000000000000000
2026/09/12 04:21:31.314, 2184 MHz, 16.96 W, 38 %, 53, 0x0000000000000000
2026/09/12 04:21:31.515, 2177 MHz, 13.07 W, 5 %, 53, 0x0000000000000000
2026/09/12 04:21:31.715, 2177 MHz, 13.07 W, 5 %, 53, 0x0000000000000000
2026/09/12 04:21:31.915, 2177 MHz, 10.79 W, 5 %, 53, 0x0000000000000000
2026/09/12 04:21:32.115, 2177 MHz, 10.79 W, 5 %, 53, 0x0000000000000000
2026/09/12 04:21:32.315, 2177 MHz, 10.03 W, 5 %, 53, 0x0000000000000000
2026/09/12 04:21:32.516, 2177 MHz, 11.35 W, 3 %, 52, 0x0000000000000000
2026/09/12 04:21:32.716, 2177 MHz, 11.35 W, 3 %, 52, 0x0000000000000000
2026/09/12 04:21:32.916, 2177 MHz, 11.24 W, 3 %, 52, 0x0000000000000000
2026/09/12 04:21:33.116, 2177 MHz, 11.24 W, 3 %, 52, 0x0000000000000000
2026/09/12 04:21:33.316, 2177 MHz, 11.25 W, 4 %, 52, 0x0000000000000000
2026/09/12 04:21:33.517, 2177 MHz, 11.25 W, 4 %, 52, 0x0000000000000000
2026/09/12 04:21:33.717, 2177 MHz, 11.25 W, 4 %, 52, 0x0000000000000000
2026/09/12 04:21:33.917, 2177 MHz, 11.35 W, 4 %, 54, 0x0000000000000000
2026/09/12 04:21:34.117, 2177 MHz, 11.35 W, 4 %, 54, 0x0000000000000000
2026/09/12 04:21:34.317, 2177 MHz, 11.31 W, 4 %, 53, 0x0000000000000000
2026/09/12 04:21:34.517, 2177 MHz, 11.31 W, 4 %, 53, 0x0000000000000000
2026/09/12 04:21:34.718, 2177 MHz, 11.31 W, 4 %, 53, 0x0000000000000000
2026/09/12 04:21:34.918, 2177 MHz, 11.11 W, 4 %, 52, 0x0000000000000000
2026/09/12 04:21:35.118, 2177 MHz, 11.11 W, 4 %, 52, 0x0000000000000000
2026/09/12 04:21:35.318, 2177 MHz, 11.63 W, 19 %, 53, 0x0000000000000000
2026/09/12 04:21:35.519, 2177 MHz, 11.63 W, 19 %, 53, 0x0000000000000000
2026/09/12 04:21:35.719, 2177 MHz, 11.63 W, 19 %, 53, 0x0000000000000000
2026/09/12 04:21:35.919, 2177 MHz, 12.27 W, 19 %, 53, 0x0000000000000000
2026/09/12 04:21:36.119, 2177 MHz, 12.27 W, 19 %, 53, 0x0000000000000000
2026/09/12 04:21:36.319, 2177 MHz, 13.03 W, 14 %, 52, 0x0000000000000000
2026/09/12 04:21:36.519, 2177 MHz, 13.03 W, 14 %, 52, 0x0000000000000000
2026/09/12 04:21:36.720, 2177 MHz, 13.03 W, 14 %, 52, 0x0000000000000000
2026/09/12 04:21:36.920, 2177 MHz, 13.66 W, 14 %, 53, 0x0000000000000000
2026/09/12 04:21:37.120, 2177 MHz, 13.66 W, 14 %, 53, 0x0000000000000000
2026/09/12 04:21:37.320, 2177 MHz, 13.45 W, 20 %, 53, 0x0000000000000000
2026/09/12 04:21:37.520, 2177 MHz, 13.45 W, 20 %, 53, 0x0000000000000000
2026/09/12 04:21:37.720, 2177 MHz, 13.45 W, 20 %, 53, 0x0000000000000000
2026/09/12 04:21:37.921, 2177 MHz, 13.46 W, 20 %, 53, 0x0000000000000000
2026/09/12 04:21:38.121, 2177 MHz, 13.46 W, 20 %, 53, 0x0000000000000000
2026/09/12 04:21:38.321, 2177 MHz, 13.97 W, 25 %, 53, 0x0000000000000000
2026/09/12 04:21:38.521, 2177 MHz, 13.97 W, 25 %, 53, 0x0000000000000000
2026/09/12 04:21:38.722, 2177 MHz, 13.97 W, 25 %, 53, 0x0000000000000000
2026/09/12 04:21:38.922, 2184 MHz, 14.36 W, 25 %, 53, 0x0000000000000000
2026/09/12 04:21:39.122, 2184 MHz, 14.36 W, 25 %, 53, 0x0000000000000000
2026/09/12 04:21:39.322, 2184 MHz, 14.75 W, 32 %, 53, 0x0000000000000000
2026/09/12 04:21:39.523, 2184 MHz, 14.75 W, 32 %, 53, 0x0000000000000000
2026/09/12 04:21:39.723, 2184 MHz, 14.75 W, 32 %, 53, 0x0000000000000000
2026/09/12 04:21:39.923, 2184 MHz, 14.72 W, 32 %, 53, 0x0000000000000000
2026/09/12 04:21:40.123, 2184 MHz, 14.72 W, 32 %, 53, 0x0000000000000000
2026/09/12 04:21:40.323, 2184 MHz, 14.80 W, 34 %, 53, 0x0000000000000000
2026/09/12 04:21:40.524, 2184 MHz, 14.80 W, 34 %, 53, 0x0000000000000000
2026/09/12 04:21:40.724, 2184 MHz, 14.80 W, 34 %, 53, 0x0000000000000000
2026/09/12 04:21:40.924, 2184 MHz, 15.39 W, 34 %, 53, 0x0000000000000000
2026/09/12 04:21:41.124, 2184 MHz, 15.39 W, 34 %, 53, 0x0000000000000000
2026/09/12 04:21:41.324, 2184 MHz, 15.50 W, 26 %, 53, 0x0000000000000000
2026/09/12 04:21:41.524, 2184 MHz, 15.50 W, 26 %, 53, 0x0000000000000000
2026/09/12 04:21:41.725, 2184 MHz, 15.50 W, 26 %, 53, 0x0000000000000000
2026/09/12 04:21:41.925, 2184 MHz, 15.37 W, 26 %, 53, 0x0000000000000000
2026/09/12 04:21:42.125, 2184 MHz, 15.37 W, 26 %, 53, 0x0000000000000000
2026/09/12 04:21:42.325, 2184 MHz, 14.77 W, 31 %, 53, 0x0000000000000000
2026/09/12 04:21:42.526, 2184 MHz, 14.77 W, 31 %, 53, 0x0000000000000000
2026/09/12 04:21:42.726, 2184 MHz, 14.77 W, 31 %, 53, 0x0000000000000000
2026/09/12 04:21:42.926, 2184 MHz, 13.85 W, 31 %, 53, 0x0000000000000000
2026/09/12 04:21:43.126, 2184 MHz, 13.85 W, 31 %, 53, 0x0000000000000000
2026/09/12 04:21:43.326, 2184 MHz, 13.44 W, 11 %, 53, 0x0000000000000000
2026/09/12 04:21:43.526, 2184 MHz, 13.44 W, 11 %, 53, 0x0000000000000000
2026/09/12 04:21:43.727, 2184 MHz, 13.44 W, 11 %, 53, 0x0000000000000000
2026/09/12 04:21:43.927, 2177 MHz, 12.91 W, 11 %, 53, 0x0000000000000000
2026/09/12 04:21:44.127, 2177 MHz, 12.91 W, 11 %, 53, 0x0000000000000000
2026/09/12 04:21:44.327, 2177 MHz, 12.93 W, 24 %, 53, 0x0000000000000000
2026/09/12 04:21:44.527, 2177 MHz, 12.93 W, 24 %, 53, 0x0000000000000000
2026/09/12 04:21:44.728, 2177 MHz, 12.93 W, 24 %, 53, 0x0000000000000000
2026/09/12 04:21:44.928, 2177 MHz, 13.42 W, 24 %, 53, 0x0000000000000000
2026/09/12 04:21:45.128, 2177 MHz, 13.42 W, 24 %, 53, 0x0000000000000000
2026/09/12 04:21:45.328, 2177 MHz, 14.07 W, 30 %, 53, 0x0000000000000000
2026/09/12 04:21:45.528, 2177 MHz, 14.07 W, 30 %, 53, 0x0000000000000000
2026/09/12 04:21:45.729, 2177 MHz, 14.07 W, 30 %, 53, 0x0000000000000000
2026/09/12 04:21:45.929, 2177 MHz, 14.39 W, 30 %, 53, 0x0000000000000000
2026/09/12 04:21:46.129, 2177 MHz, 14.39 W, 30 %, 53, 0x0000000000000000
2026/09/12 04:21:46.329, 2177 MHz, 14.76 W, 26 %, 53, 0x0000000000000000
2026/09/12 04:21:46.529, 2177 MHz, 14.76 W, 26 %, 53, 0x0000000000000000
2026/09/12 04:21:46.730, 2177 MHz, 14.76 W, 26 %, 53, 0x0000000000000000
2026/09/12 04:21:46.930, 2184 MHz, 15.72 W, 26 %, 53, 0x0000000000000000
2026/09/12 04:21:47.130, 2184 MHz, 15.72 W, 26 %, 53, 0x0000000000000000
2026/09/12 04:21:47.330, 2184 MHz, 16.41 W, 42 %, 53, 0x0000000000000000
2026/09/12 04:21:47.530, 2184 MHz, 16.41 W, 42 %, 53, 0x0000000000000000
2026/09/12 04:21:47.731, 2184 MHz, 16.41 W, 42 %, 53, 0x0000000000000000
2026/09/12 04:21:47.931, 2184 MHz, 16.80 W, 42 %, 54, 0x0000000000000000
2026/09/12 04:21:48.131, 2184 MHz, 16.80 W, 42 %, 54, 0x0000000000000000
2026/09/12 04:21:48.331, 2184 MHz, 16.85 W, 30 %, 53, 0x0000000000000000
2026/09/12 04:21:48.531, 2184 MHz, 16.85 W, 30 %, 53, 0x0000000000000000
2026/09/12 04:21:48.732, 2184 MHz, 16.85 W, 30 %, 53, 0x0000000000000000
2026/09/12 04:21:48.932, 2184 MHz, 16.42 W, 30 %, 53, 0x0000000000000000
2026/09/12 04:21:49.132, 2184 MHz, 16.42 W, 30 %, 53, 0x0000000000000000
2026/09/12 04:21:49.332, 2184 MHz, 17.19 W, 45 %, 54, 0x0000000000000000
2026/09/12 04:21:49.533, 2184 MHz, 17.19 W, 45 %, 54, 0x0000000000000000
2026/09/12 04:21:49.733, 2184 MHz, 17.19 W, 45 %, 54, 0x0000000000000000
2026/09/12 04:21:49.933, 2184 MHz, 18.29 W, 45 %, 54, 0x0000000000000000
2026/09/12 04:21:50.133, 2184 MHz, 18.29 W, 45 %, 54, 0x0000000000000000
2026/09/12 04:21:50.334, 2184 MHz, 19.27 W, 47 %, 54, 0x0000000000000000
2026/09/12 04:21:50.534, 2184 MHz, 19.27 W, 47 %, 54, 0x0000000000000000
2026/09/12 04:21:50.734, 2184 MHz, 19.27 W, 47 %, 54, 0x0000000000000000
2026/09/12 04:21:50.934, 2184 MHz, 19.99 W, 47 %, 54, 0x0000000000000000
2026/09/12 04:21:51.134, 2184 MHz, 19.99 W, 47 %, 54, 0x0000000000000000
2026/09/12 04:21:51.335, 2184 MHz, 19.70 W, 46 %, 54, 0x0000000000000000
2026/09/12 04:21:51.535, 2184 MHz, 19.70 W, 46 %, 54, 0x0000000000000000
2026/09/12 04:21:51.735, 2184 MHz, 19.70 W, 46 %, 54, 0x0000000000000000
2026/09/12 04:21:51.935, 2184 MHz, 19.60 W, 46 %, 54, 0x0000000000000000
2026/09/12 04:21:52.136, 2184 MHz, 19.60 W, 46 %, 54, 0x0000000000000000
2026/09/12 04:21:52.336, 2184 MHz, 19.58 W, 43 %, 55, 0x0000000000000000
2026/09/12 04:21:52.536, 2184 MHz, 19.58 W, 43 %, 55, 0x0000000000000000
2026/09/12 04:21:52.736, 2184 MHz, 19.58 W, 43 %, 55, 0x0000000000000000
2026/09/12 04:21:52.936, 2184 MHz, 19.84 W, 43 %, 54, 0x0000000000000000
2026/09/12 04:21:53.136, 2184 MHz, 19.84 W, 43 %, 54, 0x0000000000000000
2026/09/12 04:21:53.337, 2184 MHz, 20.39 W, 58 %, 55, 0x0000000000000000
2026/09/12 04:21:53.537, 2184 MHz, 20.39 W, 58 %, 55, 0x0000000000000000
2026/09/12 04:21:53.737, 2184 MHz, 20.39 W, 58 %, 55, 0x0000000000000000
2026/09/12 04:21:53.937, 2184 MHz, 19.84 W, 58 %, 54, 0x0000000000000000
2026/09/12 04:21:54.138, 2184 MHz, 19.84 W, 58 %, 54, 0x0000000000000000
2026/09/12 04:21:54.338, 2184 MHz, 18.80 W, 41 %, 54, 0x0000000000000000
2026/09/12 04:21:54.538, 2184 MHz, 18.80 W, 41 %, 54, 0x0000000000000000
2026/09/12 04:21:54.738, 2184 MHz, 18.80 W, 41 %, 54, 0x0000000000000000
2026/09/12 04:21:54.939, 2184 MHz, 17.05 W, 41 %, 54, 0x0000000000000000
2026/09/12 04:21:55.139, 2184 MHz, 17.05 W, 41 %, 54, 0x0000000000000000
2026/09/12 04:21:55.339, 2184 MHz, 15.06 W, 18 %, 53, 0x0000000000000000
2026/09/12 04:21:55.539, 2184 MHz, 15.06 W, 18 %, 53, 0x0000000000000000
2026/09/12 04:21:55.740, 2184 MHz, 15.06 W, 18 %, 53, 0x0000000000000000
2026/09/12 04:21:55.940, 2184 MHz, 14.91 W, 18 %, 54, 0x0000000000000000
2026/09/12 04:21:56.140, 2184 MHz, 14.91 W, 18 %, 54, 0x0000000000000000
2026/09/12 04:21:56.340, 2184 MHz, 15.59 W, 37 %, 54, 0x0000000000000000
2026/09/12 04:21:56.540, 2184 MHz, 15.59 W, 37 %, 54, 0x0000000000000000
2026/09/12 04:21:56.741, 2184 MHz, 15.59 W, 37 %, 54, 0x0000000000000000
2026/09/12 04:21:56.941, 2184 MHz, 16.45 W, 37 %, 54, 0x0000000000000000
2026/09/12 04:21:57.141, 2184 MHz, 16.45 W, 37 %, 54, 0x0000000000000000
2026/09/12 04:21:57.341, 2184 MHz, 17.43 W, 49 %, 55, 0x0000000000000000
2026/09/12 04:21:57.542, 2184 MHz, 17.43 W, 49 %, 55, 0x0000000000000000
2026/09/12 04:21:57.742, 2184 MHz, 17.43 W, 49 %, 55, 0x0000000000000000
2026/09/12 04:21:57.942, 2184 MHz, 17.79 W, 49 %, 54, 0x0000000000000000
2026/09/12 04:21:58.142, 2184 MHz, 17.79 W, 49 %, 54, 0x0000000000000000
2026/09/12 04:21:58.342, 2184 MHz, 18.10 W, 52 %, 54, 0x0000000000000000
2026/09/12 04:21:58.543, 2184 MHz, 18.10 W, 52 %, 54, 0x0000000000000000
2026/09/12 04:21:58.743, 2184 MHz, 18.10 W, 52 %, 54, 0x0000000000000000
2026/09/12 04:21:58.943, 2184 MHz, 18.60 W, 52 %, 54, 0x0000000000000000
2026/09/12 04:21:59.143, 2184 MHz, 18.60 W, 52 %, 54, 0x0000000000000000
2026/09/12 04:21:59.343, 2184 MHz, 18.75 W, 48 %, 55, 0x0000000000000000
2026/09/12 04:21:59.544, 2184 MHz, 18.75 W, 48 %, 55, 0x0000000000000000
2026/09/12 04:21:59.744, 2184 MHz, 18.75 W, 48 %, 55, 0x0000000000000000
2026/09/12 04:21:59.944, 2184 MHz, 18.34 W, 48 %, 54, 0x0000000000000000
2026/09/12 04:22:00.144, 2184 MHz, 18.34 W, 48 %, 54, 0x0000000000000000
2026/09/12 04:22:00.345, 2184 MHz, 18.15 W, 38 %, 54, 0x0000000000000000
2026/09/12 04:22:00.545, 2184 MHz, 18.15 W, 38 %, 54, 0x0000000000000000
2026/09/12 04:22:00.745, 2184 MHz, 18.15 W, 38 %, 54, 0x0000000000000000
2026/09/12 04:22:00.946, 2184 MHz, 18.55 W, 38 %, 55, 0x0000000000000000
2026/09/12 04:22:01.146, 2184 MHz, 18.55 W, 38 %, 55, 0x0000000000000000
2026/09/12 04:22:01.346, 2184 MHz, 19.23 W, 41 %, 54, 0x0000000000000000
2026/09/12 04:22:01.546, 2184 MHz, 19.23 W, 41 %, 54, 0x0000000000000000
2026/09/12 04:22:01.746, 2184 MHz, 19.23 W, 41 %, 54, 0x0000000000000000
2026/09/12 04:22:01.946, 2184 MHz, 19.78 W, 41 %, 55, 0x0000000000000000
2026/09/12 04:22:02.147, 2184 MHz, 19.78 W, 41 %, 55, 0x0000000000000000
2026/09/12 04:22:02.347, 2184 MHz, 19.58 W, 49 %, 54, 0x0000000000000000
2026/09/12 04:22:02.547, 2184 MHz, 19.58 W, 49 %, 54, 0x0000000000000000
2026/09/12 04:22:02.747, 2184 MHz, 19.58 W, 49 %, 54, 0x0000000000000000
2026/09/12 04:22:02.947, 2184 MHz, 19.09 W, 49 %, 55, 0x0000000000000000
2026/09/12 04:22:03.147, 2184 MHz, 19.09 W, 49 %, 55, 0x0000000000000000
2026/09/12 04:22:03.347, 2184 MHz, 18.59 W, 46 %, 54, 0x0000000000000000
2026/09/12 04:22:03.548, 2184 MHz, 18.59 W, 46 %, 54, 0x0000000000000000
2026/09/12 04:22:03.748, 2184 MHz, 18.59 W, 46 %, 54, 0x0000000000000000
2026/09/12 04:22:03.948, 2184 MHz, 18.29 W, 46 %, 54, 0x0000000000000000
2026/09/12 04:22:04.148, 2184 MHz, 18.29 W, 46 %, 54, 0x0000000000000000
2026/09/12 04:22:04.348, 2184 MHz, 19.69 W, 65 %, 56, 0x0000000000000000
2026/09/12 04:22:04.548, 2184 MHz, 19.69 W, 65 %, 56, 0x0000000000000000
2026/09/12 04:22:04.748, 2184 MHz, 19.69 W, 65 %, 56, 0x0000000000000000
2026/09/12 04:22:04.949, 2184 MHz, 19.81 W, 65 %, 55, 0x0000000000000000
2026/09/12 04:22:05.149, 2184 MHz, 19.81 W, 65 %, 55, 0x0000000000000000
2026/09/12 04:22:05.349, 2184 MHz, 19.31 W, 53 %, 55, 0x0000000000000000
2026/09/12 04:22:05.549, 2184 MHz, 19.31 W, 53 %, 55, 0x0000000000000000
2026/09/12 04:22:05.749, 2184 MHz, 19.31 W, 53 %, 55, 0x0000000000000000
2026/09/12 04:22:05.949, 2184 MHz, 19.93 W, 53 %, 56, 0x0000000000000000
2026/09/12 04:22:06.149, 2184 MHz, 19.93 W, 53 %, 56, 0x0000000000000000
2026/09/12 04:22:06.350, 2184 MHz, 19.69 W, 50 %, 54, 0x0000000000000000
2026/09/12 04:22:06.550, 2184 MHz, 19.69 W, 50 %, 54, 0x0000000000000000
2026/09/12 04:22:06.750, 2184 MHz, 19.69 W, 50 %, 54, 0x0000000000000000
2026/09/12 04:22:06.950, 2184 MHz, 18.16 W, 50 %, 54, 0x0000000000000000
2026/09/12 04:22:07.150, 2184 MHz, 18.16 W, 50 %, 54, 0x0000000000000000
2026/09/12 04:22:07.350, 2184 MHz, 15.85 W, 21 %, 55, 0x0000000000000000
2026/09/12 04:22:07.550, 2184 MHz, 15.85 W, 21 %, 55, 0x0000000000000000
2026/09/12 04:22:07.750, 2184 MHz, 15.85 W, 21 %, 55, 0x0000000000000000
2026/09/12 04:22:07.951, 2184 MHz, 14.47 W, 21 %, 54, 0x0000000000000000
2026/09/12 04:22:08.151, 2184 MHz, 14.47 W, 21 %, 54, 0x0000000000000000
2026/09/12 04:22:08.351, 2184 MHz, 14.28 W, 27 %, 54, 0x0000000000000000
2026/09/12 04:22:08.551, 2184 MHz, 14.28 W, 27 %, 54, 0x0000000000000000
2026/09/12 04:22:08.751, 2184 MHz, 14.28 W, 27 %, 54, 0x0000000000000000
2026/09/12 04:22:08.951, 2184 MHz, 14.87 W, 27 %, 54, 0x0000000000000000
2026/09/12 04:22:09.152, 2184 MHz, 14.87 W, 27 %, 54, 0x0000000000000000
2026/09/12 04:22:09.352, 2184 MHz, 16.02 W, 24 %, 54, 0x0000000000000000
2026/09/12 04:22:09.552, 2184 MHz, 16.02 W, 24 %, 54, 0x0000000000000000
2026/09/12 04:22:09.752, 2184 MHz, 16.02 W, 24 %, 54, 0x0000000000000000
2026/09/12 04:22:09.953, 2184 MHz, 16.12 W, 24 %, 54, 0x0000000000000000
2026/09/12 04:22:10.153, 2184 MHz, 16.12 W, 24 %, 54, 0x0000000000000000
2026/09/12 04:22:10.353, 2184 MHz, 16.06 W, 41 %, 54, 0x0000000000000000
2026/09/12 04:22:10.554, 2184 MHz, 16.06 W, 41 %, 54, 0x0000000000000000
2026/09/12 04:22:10.754, 2184 MHz, 16.06 W, 41 %, 54, 0x0000000000000000
2026/09/12 04:22:10.954, 2184 MHz, 16.90 W, 41 %, 54, 0x0000000000000000
2026/09/12 04:22:11.154, 2184 MHz, 16.90 W, 41 %, 54, 0x0000000000000000
2026/09/12 04:22:11.354, 2184 MHz, 17.09 W, 35 %, 54, 0x0000000000000000
2026/09/12 04:22:11.555, 2184 MHz, 17.09 W, 35 %, 54, 0x0000000000000000
2026/09/12 04:22:11.755, 2184 MHz, 17.09 W, 35 %, 54, 0x0000000000000000
2026/09/12 04:22:11.955, 2184 MHz, 17.34 W, 35 %, 55, 0x0000000000000000
2026/09/12 04:22:12.155, 2184 MHz, 17.34 W, 35 %, 55, 0x0000000000000000
2026/09/12 04:22:12.355, 2184 MHz, 17.61 W, 40 %, 54, 0x0000000000000000
2026/09/12 04:22:12.556, 2184 MHz, 17.61 W, 40 %, 54, 0x0000000000000000
2026/09/12 04:22:12.756, 2184 MHz, 17.61 W, 40 %, 54, 0x0000000000000000
2026/09/12 04:22:12.956, 2184 MHz, 17.90 W, 40 %, 55, 0x0000000000000000
2026/09/12 04:22:13.156, 2184 MHz, 17.90 W, 40 %, 55, 0x0000000000000000
